{"cameraMode":{"drawMode":0,"name":"Shaded","section":"Shading Mode"},"sceneLighting":false,"audioPlay":false,"sceneViewState":{"showFog":true,"showMaterialUpdate":false,"showSkybox":false,"showFlares":true,"showImageEffects":true,"showParticleSystems":true},"in2DMode":false,"pivot":{"x":-0.1263289451599121,"y":0.828833818435669,"z":-4.831356525421143},"rotation":{"x":-0.023707419633865358,"y":0.9023229479789734,"z":-0.4275622069835663,"w":-0.05025860294699669},"size":1.3539661169052125,"orthographic":false}