{"cameraMode":{"drawMode":0,"name":"Shaded","section":"Shading Mode"},"sceneLighting":false,"audioPlay":false,"sceneViewState":{"showFog":true,"showMaterialUpdate":false,"showSkybox":false,"showFlares":true,"showImageEffects":true,"showParticleSystems":true},"in2DMode":false,"pivot":{"x":-2.7899999618530275,"y":1.0,"z":8.109999656677246},"rotation":{"x":-0.02512747421860695,"y":-0.969012439250946,"z":0.22105538845062257,"w":-0.10922887921333313},"size":1.2247449159622193,"orthographic":false}