{"cameraMode":{"drawMode":0,"name":"Shaded","section":"Shading Mode"},"sceneLighting":false,"audioPlay":false,"sceneViewState":{"showFog":true,"showMaterialUpdate":false,"showSkybox":false,"showFlares":true,"showImageEffects":true,"showParticleSystems":true},"in2DMode":false,"pivot":{"x":-11.96951675415039,"y":8.792949676513672,"z":18.00885772705078},"rotation":{"x":0.007041808683425188,"y":-0.9358185529708862,"z":0.3522651493549347,"w":0.020732173696160318},"size":10.0,"orthographic":false}