{"cameraMode":{"drawMode":0,"name":"Shaded","section":"Shading Mode"},"sceneLighting":false,"audioPlay":false,"sceneViewState":{"showFog":true,"showMaterialUpdate":false,"showSkybox":false,"showFlares":true,"showImageEffects":true,"showParticleSystems":true},"in2DMode":false,"pivot":{"x":8.95508861541748,"y":1.205726146697998,"z":-14.393858909606934},"rotation":{"x":0.0002727793762460351,"y":0.9967449903488159,"z":-0.002989064669236541,"w":0.08100233227014542},"size":10.0,"orthographic":false}