{"cameraMode":{"drawMode":0,"name":"Shaded","section":"Shading Mode"},"sceneLighting":false,"audioPlay":false,"sceneViewState":{"showFog":true,"showMaterialUpdate":false,"showSkybox":false,"showFlares":true,"showImageEffects":true,"showParticleSystems":true},"in2DMode":false,"pivot":{"x":6.341223239898682,"y":0.826073408126831,"z":-4.959687232971191},"rotation":{"x":0.01568278856575489,"y":-0.9677889347076416,"z":0.06252177804708481,"w":0.24352014064788819},"size":1.3587688207626343,"orthographic":false}