{"cameraMode":{"drawMode":0,"name":"Shaded","section":"Shading Mode"},"sceneLighting":true,"audioPlay":false,"sceneViewState":{"showFog":true,"showMaterialUpdate":false,"showSkybox":false,"showFlares":true,"showImageEffects":true,"showParticleSystems":true},"in2DMode":false,"pivot":{"x":-3.992600202560425,"y":3.845158815383911,"z":10.710586547851563},"rotation":{"x":0.03159249946475029,"y":0.9600811004638672,"z":-0.24963822960853578,"w":0.12379450350999832},"size":10.0,"orthographic":false}