{"cameraMode":{"drawMode":0,"name":"Shaded","section":"Shading Mode"},"sceneLighting":false,"audioPlay":false,"sceneViewState":{"showFog":true,"showMaterialUpdate":false,"showSkybox":false,"showFlares":true,"showImageEffects":true,"showParticleSystems":true},"in2DMode":false,"pivot":{"x":-0.22380578517913819,"y":0.39759260416030886,"z":0.23014044761657716},"rotation":{"x":0.004301697481423616,"y":0.875214695930481,"z":0.009266536682844162,"w":-0.48410460352897646},"size":0.8660283088684082,"orthographic":false}