{"cameraMode":{"drawMode":0,"name":"Shaded","section":"Shading Mode"},"sceneLighting":false,"audioPlay":false,"sceneViewState":{"showFog":true,"showMaterialUpdate":false,"showSkybox":false,"showFlares":true,"showImageEffects":true,"showParticleSystems":true},"in2DMode":false,"pivot":{"x":-49.960609436035159,"y":-0.24149322509765626,"z":53.780914306640628},"rotation":{"x":0.09334519505500794,"y":-0.4490775763988495,"z":0.047240495681762698,"w":0.8873531222343445},"size":10.0,"orthographic":false}