{"cameraMode":{"drawMode":0,"name":"Shaded","section":"Shading Mode"},"sceneLighting":true,"audioPlay":false,"sceneViewState":{"showFog":true,"showMaterialUpdate":false,"showSkybox":true,"showFlares":true,"showImageEffects":true,"showParticleSystems":true},"in2DMode":false,"pivot":{"x":14.33739948272705,"y":3.4009342193603517,"z":3.850586414337158},"rotation":{"x":-0.09535794705152512,"y":-0.6544232368469238,"z":0.0846286341547966,"w":-0.7456220984458923},"size":1.1286274194717408,"orthographic":false}