{"cameraMode":{"drawMode":0,"name":"Shaded","section":"Shading Mode"},"sceneLighting":false,"audioPlay":false,"sceneViewState":{"showFog":true,"showMaterialUpdate":false,"showSkybox":false,"showFlares":true,"showImageEffects":true,"showParticleSystems":true},"in2DMode":false,"pivot":{"x":-38.08000183105469,"y":2.9700002670288088,"z":47.11000061035156},"rotation":{"x":-0.033380456268787387,"y":-0.9646644592285156,"z":0.21106114983558656,"w":-0.15514661371707917},"size":4.58856201171875,"orthographic":false}