{"cameraMode":{"drawMode":0,"name":"Shaded","section":"Shading Mode"},"sceneLighting":false,"audioPlay":false,"sceneViewState":{"showFog":true,"showMaterialUpdate":false,"showSkybox":false,"showFlares":true,"showImageEffects":true,"showParticleSystems":true},"in2DMode":false,"pivot":{"x":6.280378439527112e-10,"y":0.25502046942710879,"z":-1.284305994886381e-10},"rotation":{"x":-0.04274125397205353,"y":0.9113879799842835,"z":-0.09606364369392395,"w":-0.39846310019493105},"size":0.6073950529098511,"orthographic":false}