{"cameraMode":{"drawMode":0,"name":"Shaded","section":"Shading Mode"},"sceneLighting":false,"audioPlay":false,"sceneViewState":{"showFog":true,"showMaterialUpdate":false,"showSkybox":false,"showFlares":true,"showImageEffects":true,"showParticleSystems":true},"in2DMode":false,"pivot":{"x":-0.1263289451599121,"y":0.828833818435669,"z":-4.831356525421143},"rotation":{"x":0.18771126866340638,"y":-0.7568014860153198,"z":0.24685971438884736,"w":0.5754502415657044},"size":1.3539661169052125,"orthographic":false}