{"cameraMode":{"drawMode":0,"name":"Shaded","section":"Shading Mode"},"sceneLighting":false,"audioPlay":false,"sceneViewState":{"showFog":true,"showMaterialUpdate":false,"showSkybox":false,"showFlares":true,"showImageEffects":true,"showParticleSystems":true},"in2DMode":false,"pivot":{"x":-39.67898178100586,"y":1.5455548763275147,"z":45.68935775756836},"rotation":{"x":0.2592276632785797,"y":-0.43765124678611758,"z":0.13336944580078126,"w":0.8506124019622803},"size":2.70739483833313,"orthographic":false}