{"cameraMode":{"drawMode":0,"name":"Shaded","section":"Shading Mode"},"sceneLighting":false,"audioPlay":false,"sceneViewState":{"showFog":true,"showMaterialUpdate":false,"showSkybox":false,"showFlares":true,"showImageEffects":true,"showParticleSystems":true},"in2DMode":false,"pivot":{"x":-16.13596534729004,"y":-0.48392653465270998,"z":18.57619285583496},"rotation":{"x":-0.09819035977125168,"y":-0.761835515499115,"z":0.11890070885419846,"w":-0.6292676329612732},"size":1.4220794439315797,"orthographic":false}