{"cameraMode":{"drawMode":0,"name":"Shaded","section":"Shading Mode"},"sceneLighting":false,"audioPlay":false,"sceneViewState":{"showFog":true,"showMaterialUpdate":false,"showSkybox":false,"showFlares":true,"showImageEffects":true,"showParticleSystems":true},"in2DMode":false,"pivot":{"x":5.159999847412109,"y":0.019999999552965165,"z":0.6299999952316284},"rotation":{"x":0.03812108933925629,"y":0.9579735398292542,"z":-0.1519538313150406,"w":0.2403312623500824},"size":1.5073950290679932,"orthographic":false}