{"cameraMode":{"drawMode":0,"name":"Shaded","section":"Shading Mode"},"sceneLighting":false,"audioPlay":false,"sceneViewState":{"showFog":true,"showMaterialUpdate":false,"showSkybox":false,"showFlares":true,"showImageEffects":true,"showParticleSystems":true},"in2DMode":false,"pivot":{"x":0.0012229681015014649,"y":0.826073408126831,"z":0.020312875509262086},"rotation":{"x":0.045208510011434558,"y":-0.9500430822372437,"z":0.26227033138275149,"w":0.16471904516220094},"size":1.3587687015533448,"orthographic":false}