{"cameraMode":{"drawMode":0,"name":"Shaded","section":"Shading Mode"},"sceneLighting":false,"audioPlay":false,"sceneViewState":{"showFog":true,"showMaterialUpdate":false,"showSkybox":false,"showFlares":true,"showImageEffects":true,"showParticleSystems":true},"in2DMode":false,"pivot":{"x":-27.35110092163086,"y":3.7989182472229006,"z":33.04399871826172},"rotation":{"x":-0.05698134005069733,"y":0.8990556597709656,"z":-0.12285282462835312,"w":-0.4169246554374695},"size":0.7134859561920166,"orthographic":false}