{"cameraMode":{"drawMode":0,"name":"Shaded","section":"Shading Mode"},"sceneLighting":false,"audioPlay":false,"sceneViewState":{"showFog":true,"showMaterialUpdate":false,"showSkybox":false,"showFlares":true,"showImageEffects":true,"showParticleSystems":true},"in2DMode":false,"pivot":{"x":-0.1490095853805542,"y":0.645534098148346,"z":0.8987140655517578},"rotation":{"x":0.03149106353521347,"y":0.6205756068229675,"z":-0.02435976453125477,"w":0.7835163474082947},"size":0.9093266129493713,"orthographic":false}