{"cameraMode":{"drawMode":0,"name":"Shaded","section":"Shading Mode"},"sceneLighting":false,"audioPlay":false,"sceneViewState":{"showFog":true,"showMaterialUpdate":false,"showSkybox":false,"showFlares":true,"showImageEffects":true,"showParticleSystems":true},"in2DMode":false,"pivot":{"x":-4.985000133514404,"y":-0.4500000476837158,"z":3.2209999561309816},"rotation":{"x":0.12049143761396408,"y":0.8645957112312317,"z":-0.2479703575372696,"w":0.42010343074798586},"size":1.1286275386810303,"orthographic":false}