{"cameraMode":{"drawMode":0,"name":"Shaded","section":"Shading Mode"},"sceneLighting":false,"audioPlay":false,"sceneViewState":{"showFog":true,"showMaterialUpdate":false,"showSkybox":false,"showFlares":true,"showImageEffects":true,"showParticleSystems":true},"in2DMode":false,"pivot":{"x":6.280378439527112e-10,"y":0.25502046942710879,"z":-1.284305994886381e-10},"rotation":{"x":0.16688953340053559,"y":0.8267951607704163,"z":-0.3195524215698242,"w":0.4318077862262726},"size":25.148067474365236,"orthographic":false}