{"cameraMode":{"drawMode":0,"name":"Shaded","section":"Shading Mode"},"sceneLighting":false,"audioPlay":false,"sceneViewState":{"showFog":true,"showMaterialUpdate":false,"showSkybox":false,"showFlares":true,"showImageEffects":true,"showParticleSystems":true},"in2DMode":false,"pivot":{"x":-0.019628003239631654,"y":0.7308427095413208,"z":1.9824825525283814},"rotation":{"x":-0.00038071945891715586,"y":-0.9768860340118408,"z":0.2151796817779541,"w":0.00024267467961180955},"size":0.30932658910751345,"orthographic":false}