{"cameraMode":{"drawMode":0,"name":"Shaded","section":"Shading Mode"},"sceneLighting":false,"audioPlay":false,"sceneViewState":{"showFog":true,"showMaterialUpdate":false,"showSkybox":false,"showFlares":true,"showImageEffects":true,"showParticleSystems":true},"in2DMode":false,"pivot":{"x":-38.08000183105469,"y":2.9700002670288088,"z":47.11000061035156},"rotation":{"x":-0.005917830858379602,"y":-0.9717769026756287,"z":0.23606890439987184,"w":-0.024501796811819078},"size":4.58856201171875,"orthographic":false}