{"cameraMode":{"drawMode":0,"name":"Shaded","section":"Shading Mode"},"sceneLighting":false,"audioPlay":false,"sceneViewState":{"showFog":true,"showMaterialUpdate":false,"showSkybox":false,"showFlares":true,"showImageEffects":true,"showParticleSystems":true},"in2DMode":false,"pivot":{"x":-0.4286099374294281,"y":-0.07429546117782593,"z":0.22658102214336396},"rotation":{"x":-0.18534964323043824,"y":0.6958867311477661,"z":-0.19357548654079438,"w":-0.6663280129432678},"size":0.5041989684104919,"orthographic":false}